"cell","leiden","scshc_R"
"AAACCTGAGCCTTGAT",0,"new5"
"AAACCTGGTAAGTGGC",1,"new1"
"AAACGGGAGATATGGT",0,"new5"
"AAACGGGCAAAGAATC",2,"new6"
"AAACGGGGTACAGTTC",3,"new4"
"AAACGGGTCAGCTCTC",0,"new5"
"AAACGGGTCGCATGGC",3,"new4"
"AAAGATGAGTCATGCT",3,"new4"
"AAAGATGAGTCTTGCA",3,"new4"
"AAAGCAAAGCTACCTA",1,"new1"
"AAAGCAACACATGGGA",0,"new5"
"AAAGCAAGTGCAGTAG",2,"new6"
"AAATGCCAGACTAAGT",3,"new4"
"AAATGCCCAATGGAAT",4,"new7"
"AAATGCCCACCAACCG",1,"new1"
"AAATGCCCATGCTAGT",1,"new1"
"AAATGCCGTGATAAGT",4,"new7"
"AACACGTGTCGACTGC",2,"new6"
"AACCATGCACAGGAGT",5,"new3"
"AACCATGGTTCGGCAC",1,"new1"
"AACCATGGTTGAACTC",2,"new6"
"AACGTTGGTGCCTTGG",0,"new5"
"AACTCAGGTGCCTGTG",5,"new3"
"AACTCAGGTTGGAGGT",6,"new5"
"AACTCAGTCCTCGCAT",1,"new1"
"AACTCAGTCTGGTTCC",6,"new5"
"AACTCCCCAGTTCATG",4,"new7"
"AACTCCCTCGAGAGCA",0,"new5"
"AACTCTTCATTTGCCC",7,"new2"
"AACTGGTGTGCCTGTG",6,"new5"
"AACTGGTTCTTACCGC",0,"new5"
"AACTTTCCACAGTCGC",5,"new3"
"AACTTTCCACTGCCAG",0,"new5"
"AACTTTCGTGACCAAG",0,"new5"
"AACTTTCTCCAGATCA",4,"new7"
"AAGACCTAGACCTTTG",4,"new7"
"AAGACCTAGTAGGCCA",1,"new1"
"AAGACCTCAGGTTTCA",6,"new5"
"AAGCCGCAGGCAGGTT",6,"new5"
"AAGCCGCCAATGGACG",1,"new1"
"AAGGAGCAGTACATGA",4,"new7"
"AAGGCAGAGCTGAAAT",0,"new5"
"AAGGCAGTCCGAGCCA",0,"new5"
"AAGGTTCAGATAGTCA",2,"new6"
"AAGGTTCAGGAGCGAG",4,"new7"
"AAGGTTCGTCAACTGT",2,"new6"
"AAGTCTGGTTGGGACA",3,"new4"
"AAGTCTGTCCGAGCCA",5,"new3"
"AATCCAGAGGGTTCCC",1,"new1"
"AATCCAGTCAGGTTCA",1,"new1"
"AATCCAGTCGGTCCGA",1,"new1"
"AATCGGTCATATGGTC",1,"new1"
"AATCGGTTCCAAACTG",1,"new1"
"AATCGGTTCGTATCAG",4,"new7"
"ACACCAAGTATAGGTA",2,"new6"
"ACACCCTAGGACAGCT",1,"new1"
"ACACCCTTCCCAGGTG",2,"new6"
"ACACCGGCATCACGTA",5,"new3"
"ACACCGGCATGTCCTC",0,"new5"
"ACACCGGTCATGTCTT",2,"new6"
"ACACTGAGTCCATGAT",1,"new1"
"ACAGCCGAGAGAACAG",2,"new6"
"ACAGCCGAGAGGTACC",4,"new7"
"ACAGCCGAGTGGTCCC",6,"new5"
"ACAGCCGCATCGTCGG",1,"new1"
"ACAGCTAAGTCGTTTG",4,"new7"
"ACAGCTATCAAGGCTT",4,"new7"
"ACAGCTATCAGCATGT",0,"new5"
"ACAGCTATCTGGGCCA",6,"new5"
"ACATACGAGTAGGCCA",5,"new3"
"ACATACGGTCTCTCTG",2,"new6"
"ACATCAGAGAGACTTA",1,"new1"
"ACATCAGTCCTTGGTC",5,"new3"
"ACCAGTAAGTGATCGG",4,"new7"
"ACCAGTAGTTCGTTGA",2,"new6"
"ACCAGTATCGTTTAGG",5,"new3"
"ACCGTAAGTTATCACG",6,"new5"
"ACCTTTATCCTGCAGG",4,"new7"
"ACGAGCCCATGAGCGA",3,"new4"
"ACGAGGAAGTTACCCA",0,"new5"
"ACGAGGATCATCACCC",3,"new4"
"ACGAGGATCGCCGTGA",1,"new1"
"ACGATACAGATGAGAG",4,"new7"
"ACGATACTCGCGCCAA",4,"new7"
"ACGATGTTCGCAGGCT",4,"new7"
"ACGCAGCCATTCTCAT",2,"new6"
"ACGCAGCGTAATCACC",1,"new1"
"ACGCCAGGTTACAGAA",4,"new7"
"ACGCCAGTCCCAAGTA",5,"new3"
"ACGCCGAAGGGTGTTG",2,"new6"
"ACGCCGAGTTTGCATG",2,"new6"
"ACGGCCACACGTGAGA",0,"new5"
"ACGGGCTGTGCGATAG",6,"new5"
"ACGTCAAAGGTGTTAA",3,"new4"
"ACGTCAACACTGCCAG",6,"new5"
"ACGTCAACAGACAAAT",6,"new5"
"ACTATCTGTCAGGACA",3,"new4"
"ACTATCTTCAAGATCC",2,"new6"
"ACTGAACAGCCTCGTG",0,"new5"
"ACTGAGTAGTGACTCT",0,"new5"
"ACTGATGCATCAGTAC",1,"new1"
"ACTGATGCATGGTCTA",4,"new7"
"ACTGATGCATGTCTCC",1,"new1"
"ACTGATGGTGAGGGTT",6,"new5"
"ACTGATGTCCCTAACC",0,"new5"
"ACTGCTCAGGTGTTAA",2,"new6"
"ACTGTCCCAGTTTACG",1,"new1"
"ACTGTCCTCGCTAGCG",1,"new1"
"ACTTACTAGAGGGCTT",5,"new3"
"ACTTACTAGCCGGTAA",0,"new5"
"ACTTACTCAATCAGAA",5,"new3"
"ACTTACTCACATGTGT",3,"new4"
"ACTTGTTAGTGAAGTT",2,"new6"
"ACTTGTTAGTTAAGTG",4,"new7"
"ACTTGTTCATGGTCAT",3,"new4"
"ACTTGTTTCACCCGAG",2,"new6"
"ACTTTCAAGGATATAC",0,"new5"
"ACTTTCACAACTGCTA",5,"new3"
"AGAATAGCAATCACAC",4,"new7"
"AGAATAGCAGTACACT",6,"new5"
"AGACGTTCAATGGTCT",3,"new4"
"AGACGTTTCTTACCTA",0,"new5"
"AGAGCGACAGTAAGAT",4,"new7"
"AGAGCGATCTCTTGAT",6,"new5"
"AGAGCTTAGCCGATTT",0,"new5"
"AGAGCTTAGGTTACCT",5,"new3"
"AGAGCTTGTTAAAGAC",6,"new5"
"AGAGTGGAGGCGATAC",2,"new6"
"AGAGTGGCACCTCGGA",1,"new1"
"AGAGTGGGTAGCACGA",0,"new5"
"AGAGTGGGTCACCTAA",0,"new5"
"AGATCTGTCCGTCAAA",2,"new6"
"AGATTGCAGCGTGTCC",4,"new7"
"AGATTGCAGCTGTCTA",6,"new5"
"AGATTGCAGTTCCACA",5,"new3"
"AGATTGCCACCAGGCT",0,"new5"
"AGCAGCCGTCGCATCG",1,"new1"
"AGCAGCCGTGTAACGG",1,"new1"
"AGCAGCCTCTTTAGTC",0,"new5"
"AGCATACCACAGCCCA",4,"new7"
"AGCATACGTCCGCTGA",3,"new4"
"AGCGGTCGTACCGAGA",5,"new3"
"AGCGGTCGTCGAATCT",5,"new3"
"AGCGGTCGTGTATGGG",0,"new5"
"AGCGTCGCACAGGCCT",5,"new3"
"AGCTCCTCAGTTTACG",1,"new1"
"AGCTCCTGTGTGCCTG",0,"new5"
"AGCTCCTTCAATACCG",1,"new1"
"AGCTCCTTCGCCCTTA",1,"new1"
"AGCTCTCAGACATAAC",2,"new6"
"AGCTCTCGTTCAGTAC",7,"new2"
"AGCTTGAAGACACGAC",1,"new1"
"AGCTTGAAGAGTGACC",3,"new4"
"AGCTTGACAATAGAGT",0,"new5"
"AGCTTGACAGTAAGAT",0,"new5"
"AGCTTGACATCTATGG",2,"new6"
"AGCTTGAGTGCAGTAG",3,"new4"
"AGGCCACAGCTGTCTA",0,"new5"
"AGGCCACCATGACATC",2,"new6"
"AGGCCGTCACGACGAA",5,"new3"
"AGGCCGTCACGGTGTC",3,"new4"
"AGGCCGTGTACCAGTT",6,"new5"
"AGGGAGTAGGGTATCG",6,"new5"
"AGGGAGTAGTGTCTCA",0,"new5"
"AGGGAGTTCCTCAATT",3,"new4"
"AGGGAGTTCGGAGGTA",4,"new7"
"AGGGATGGTCGACTGC",2,"new6"
"AGGGATGGTTAGGGTG",5,"new3"
"AGGGATGTCGCATGAT",3,"new4"
"AGGGATGTCGCATGGC",1,"new1"
"AGGGTGAGTGCGAAAC",4,"new7"
"AGGTCATCACTTCTGC",4,"new7"
"AGGTCATGTCTCCCTA",2,"new6"
"AGGTCATGTTTAGGAA",1,"new1"
"AGTAGTCCACATGACT",0,"new5"
"AGTAGTCGTGAGGGAG",2,"new6"
"AGTAGTCGTTCTGTTT",0,"new5"
"AGTCTTTCACCAGGTC",6,"new5"
"AGTCTTTCACGGACAA",4,"new7"
"AGTCTTTGTTACGGAG",2,"new6"
"AGTGAGGGTTACGGAG",6,"new5"
"AGTGAGGTCTCCAACC",2,"new6"
"AGTGGGACAGGTCGTC",3,"new4"
"AGTGGGAGTGGCAAAC",4,"new7"
"AGTGTCATCCCTTGTG",2,"new6"
"AGTTGGTAGAGCCTAG",4,"new7"
"AGTTGGTGTTGTCGCG",1,"new1"
"AGTTGGTTCACATAGC",1,"new1"
"ATAAGAGCATCGATTG",6,"new5"
"ATAGACCAGCGTGTCC",4,"new7"
"ATAGACCAGTGATCGG",4,"new7"
"ATAGACCTCTAACTGG",0,"new5"
"ATCACGAGTGCACCAC",2,"new6"
"ATCATCTGTGTTTGTG",7,"new2"
"ATCATCTTCTGTCAAG",6,"new5"
"ATCATGGAGGAATGGA",4,"new7"
"ATCATGGGTATTCGTG",4,"new7"
"ATCATGGGTCCGCTGA",1,"new1"
"ATCATGGTCCAGAGGA",0,"new5"
"ATCCACCAGAGCCTAG",3,"new4"
"ATCCACCCAGCTCGCA",2,"new6"
"ATCCACCGTACCATCA",0,"new5"
"ATCCGAAGTACACCGC",1,"new1"
"ATCCGAAGTGACTCAT",0,"new5"
"ATCTGCCCAATCCGAT",7,"new2"
"ATCTGCCCATGTTGAC",2,"new6"
"ATGAGGGTCTTGACGA",4,"new7"
"ATGTGTGCACAAGTAA",5,"new3"
"ATGTGTGTCAAAGACA",5,"new3"
"ATTACTCAGTTGCAGG",6,"new5"
"ATTACTCTCAGGCGAA",6,"new5"
"ATTACTCTCTGCCAGG",4,"new7"
"ATTATCCAGAAACCTA",5,"new3"
"ATTATCCAGACCCACC",5,"new3"
"ATTATCCAGTGAACAT",0,"new5"
"ATTGGACAGTAATCCC",0,"new5"
"ATTGGTGTCCAGTATG",0,"new5"
"ATTTCTGGTAGTGAAT",0,"new5"
"CAACCAAAGCGTTCCG",2,"new6"
"CAACCAACAACCGCCA",3,"new4"
"CAACCAACACCTCGTT",1,"new1"
"CAACCAATCGGGAGTA",0,"new5"
"CAAGAAAAGAGTACCG",1,"new1"
"CAAGAAATCGTACCGG",0,"new5"
"CAAGGCCAGCTGTTCA",0,"new5"
"CAAGGCCAGTGTGGCA",0,"new5"
"CAAGGCCCACATTTCT",1,"new1"
"CAAGGCCTCAGTGCAT",4,"new7"
"CAAGGCCTCTCAACTT",1,"new1"
"CAAGGCCTCTTACCTA",3,"new4"
"CAAGTTGGTGTGCCTG",2,"new6"
"CAAGTTGTCTAACTGG",1,"new1"
"CACAAACAGTAGCGGT",1,"new1"
"CACAAACCACGAAAGC",2,"new6"
"CACACAACAGCCAGAA",0,"new5"
"CACACCTGTACATGTC",2,"new6"
"CACACCTGTTATCCGA",2,"new6"
"CACACTCAGATCCCAT",6,"new5"
"CACACTCTCATGTGGT",6,"new5"
"CACAGGCCAAGGCTCC",1,"new1"
"CACAGGCCACGTCAGC",3,"new4"
"CACAGTAGTGCACTTA",4,"new7"
"CACAGTAGTTCCTCCA",0,"new5"
"CACAGTATCCTCCTAG",0,"new5"
"CACATAGAGCGTGTCC",6,"new5"
"CACATTTGTTTCGCTC",0,"new5"
"CACATTTTCGAGGTAG",3,"new4"
"CACATTTTCGCAGGCT",0,"new5"
"CACCACTAGCGATCCC",4,"new7"
"CACCACTGTGTGTGCC",1,"new1"
"CACCAGGCATAAAGGT",1,"new1"
"CACCTTGAGAGTAATC",0,"new5"
"CACTCCACATCGTCGG",4,"new7"
"CACTCCATCAACACAC",3,"new4"
"CAGAATCCATTGGGCC",4,"new7"
"CAGAATCGTCATTAGC",5,"new3"
"CAGAATCGTGTAAGTA",0,"new5"
"CAGAGAGTCGGCCGAT",2,"new6"
"CAGATCAAGCTGTTCA",3,"new4"
"CAGCAGCAGACAAAGG",6,"new5"
"CAGCAGCCACACTGCG",6,"new5"
"CAGCAGCGTTCACGGC",0,"new5"
"CAGCCGAAGCGATATA",6,"new5"
"CAGCCGAAGTAGGTGC",6,"new5"
"CAGCCGATCCTATTCA",1,"new1"
"CAGCCGATCGTTTATC",1,"new1"
"CAGCGACCACAGGAGT",6,"new5"
"CAGCTAAAGTCCATAC",6,"new5"
"CAGCTAACATGCCTAA",1,"new1"
"CAGCTAAGTACCGAGA",1,"new1"
"CAGCTGGCAAGTTGTC",2,"new6"
"CAGCTGGGTCTAACGT",1,"new1"
"CAGCTGGGTTCTCATT",3,"new4"
"CAGGTGCAGCCAGGAT",2,"new6"
"CAGGTGCCATCAGTCA",1,"new1"
"CAGTCCTAGGTGGGTT",4,"new7"
"CAGTCCTCAGGGCATA",4,"new7"
"CATATGGCATGTTGAC",0,"new5"
"CATATGGGTTACTGAC",2,"new6"
"CATATGGTCACAGTAC",1,"new1"
"CATATTCTCCTGTAGA",4,"new7"
"CATCAGACATGCATGT",0,"new5"
"CATCAGAGTCTCTTTA",2,"new6"
"CATCAGATCATCGCTC",2,"new6"
"CATCGAAGTACGAAAT",3,"new4"
"CATCGAAGTCACACGC",7,"new2"
"CATCGGGCACGTTGGC",4,"new7"
"CATCGGGTCTTCGGTC",1,"new1"
"CATGACACAACAACCT",5,"new3"
"CATGACACATCGATTG",5,"new3"
"CATGACAGTAGCTTGT",0,"new5"
"CATGACATCATGCATG",4,"new7"
"CATGCCTCACCCATTC",4,"new7"
"CATGGCGAGAGTCTGG",5,"new3"
"CATTATCGTCATATCG",1,"new1"
"CCAATCCAGAGTAAGG",5,"new3"
"CCACCTAAGACTTGAA",4,"new7"
"CCACCTACAGCTCGAC",3,"new4"
"CCACCTATCACCAGGC",0,"new5"
"CCACCTATCTAAGCCA",4,"new7"
"CCACGGAAGATCCTGT",4,"new7"
"CCACGGAAGCAATCTC",2,"new6"
"CCACGGAAGGGTGTTG",2,"new6"
"CCACGGAAGTCTCCTC",2,"new6"
"CCACGGAGTCAACATC",5,"new3"
"CCACGGAGTCTAGTCA",3,"new4"
"CCACGGAGTTACGACT",5,"new3"
"CCACTACAGAGCTGGT",2,"new6"
"CCACTACAGAGTACCG",0,"new5"
"CCACTACCAACGCACC",4,"new7"
"CCAGCGACAGACGTAG",1,"new1"
"CCATGTCGTCGGCTCA",1,"new1"
"CCATGTCTCCGCATAA",1,"new1"
"CCATTCGCATGCCTAA",6,"new5"
"CCATTCGGTAGGGACT",6,"new5"
"CCCAATCCAACTGGCC",4,"new7"
"CCCAGTTAGCATCATC",3,"new4"
"CCCAGTTGTCGTGGCT",4,"new7"
"CCCAGTTGTGCGCTTG",3,"new4"
"CCCAGTTTCAGCACAT",2,"new6"
"CCCATACAGACTTTCG",3,"new4"
"CCCATACCACATCCAA",0,"new5"
"CCCATACCATGCAACT",2,"new6"
"CCCATACTCGTGGACC",1,"new1"
"CCGGGATAGATCTGAA",1,"new1"
"CCGGGATTCGACAGCC",4,"new7"
"CCGGTAGTCGGCTTGG",3,"new4"
"CCGTACTAGGAGTACC",5,"new3"
"CCGTACTAGTCCGTAT",5,"new3"
"CCGTACTTCAATAAGG",6,"new5"
"CCGTGGACATAGAAAC",3,"new4"
"CCGTGGATCCAAGCCG",0,"new5"
"CCGTGGATCTGTCTCG",2,"new6"
"CCGTGGATCTTAGAGC",1,"new1"
"CCGTTCAAGCTAAACA",4,"new7"
"CCGTTCAAGGACCACA",1,"new1"
"CCGTTCACACATGACT",5,"new3"
"CCTACACAGATCCGAG",5,"new3"
"CCTACACAGTACGTTC",4,"new7"
"CCTACACTCCTTTACA",0,"new5"
"CCTACACTCTTTACAC",4,"new7"
"CCTACCACATCGATTG",1,"new1"
"CCTACCAGTTGCTCCT",1,"new1"
"CCTACCATCTGCCCTA",2,"new6"
"CCTAGCTCAGACTCGC",0,"new5"
"CCTAGCTCATACTACG",6,"new5"
"CCTAGCTGTGGCCCTA",3,"new4"
"CCTAGCTTCGATGAGG",6,"new5"
"CCTATTACAGACAAGC",7,"new2"
"CCTATTATCATCGCTC",1,"new1"
"CCTCAGTAGTGCGATG",2,"new6"
"CCTCAGTCAGACACTT",4,"new7"
"CCTCAGTGTTACCAGT",5,"new3"
"CCTCTGAGTATAAACG",0,"new5"
"CCTTACGAGATCACGG",0,"new5"
"CCTTACGCACAACGCC",2,"new6"
"CCTTCCCAGGCAGGTT",0,"new5"
"CCTTCCCCAAAGTGCG",0,"new5"
"CCTTCCCTCGTCGTTC",1,"new1"
"CCTTCGAAGATAGCAT",4,"new7"
"CCTTCGACAGCTGTTA",0,"new5"
"CCTTCGATCACAGGCC",4,"new7"
"CGAACATAGCCAGTAG",6,"new5"
"CGAACATCAGACGTAG",0,"new5"
"CGAATGTAGTTCCACA",0,"new5"
"CGAATGTGTCTGGAGA",2,"new6"
"CGAATGTTCACCGGGT",4,"new7"
"CGAATGTTCTTCATGT",2,"new6"
"CGACCTTAGCGCTTAT",0,"new5"
"CGACCTTAGGCTAGAC",3,"new4"
"CGACTTCCAGCCTATA",0,"new5"
"CGACTTCCAGCTGCAC",2,"new6"
"CGACTTCTCACGCGGT",4,"new7"
"CGAGAAGAGGGTTCCC",2,"new6"
"CGAGAAGCACGCATCG",5,"new3"
"CGAGAAGTCGTTACAG",4,"new7"
"CGAGCACAGCTGAAAT",0,"new5"
"CGAGCACAGGCAGGTT",2,"new6"
"CGAGCACGTAGTAGTA",2,"new6"
"CGAGCACTCTACCTGC",0,"new5"
"CGAGCACTCTTCGAGA",5,"new3"
"CGATCGGAGCTGCAAG",2,"new6"
"CGATCGGCACGCCAGT",5,"new3"
"CGATGGCGTTACGGAG",0,"new5"
"CGATGGCTCAGTGTTG",4,"new7"
"CGATGGCTCTGTGCAA",6,"new5"
"CGATGTAAGTTTAGGA",4,"new7"
"CGATGTAGTACTCTCC",1,"new1"
"CGATTGAAGTCAAGGC",1,"new1"
"CGCCAAGCAAAGTCAA",1,"new1"
"CGCCAAGCACCGGAAA",6,"new5"
"CGCCAAGTCTAAGCCA",2,"new6"
"CGCGGTAAGAGCTGGT",4,"new7"
"CGCGGTAAGCTGCAAG",4,"new7"
"CGCGTTTCAGTCTTCC",3,"new4"
"CGCTGGAGTCCATCCT",0,"new5"
"CGCTTCATCTCTGTCG",4,"new7"
"CGGACACAGTGTCTCA",0,"new5"
"CGGACGTAGACACGAC",7,"new2"
"CGGACTGAGGTAGCTG",0,"new5"
"CGGACTGTCTTGAGAC",3,"new4"
"CGGAGCTAGATAGTCA",2,"new6"
"CGGAGCTCATTGGGCC",0,"new5"
"CGGAGTCAGTTTAGGA",4,"new7"
"CGGCTAGGTACTCGCG",1,"new1"
"CGGGTCAAGGCGATAC",4,"new7"
"CGGGTCAAGGCTCAGA",0,"new5"
"CGGTTAAAGAGCTGCA",6,"new5"
"CGGTTAAGTAAACACA",6,"new5"
"CGGTTAAGTCTAGCCG",5,"new3"
"CGGTTAATCACCGGGT",2,"new6"
"CGGTTAATCGTCTGAA",0,"new5"
"CGTAGCGTCGGAAATA",2,"new6"
"CGTAGGCAGCGTAGTG",0,"new5"
"CGTCACTAGGGTGTGT",0,"new5"
"CGTCACTCACGAAATA",5,"new3"
"CGTCACTCATAGTAAG",0,"new5"
"CGTCACTTCACTTATC",1,"new1"
"CGTCACTTCTAACTCT",4,"new7"
"CGTCAGGAGCCTATGT",0,"new5"
"CGTCAGGCATGGGAAC",0,"new5"
"CGTCAGGGTAGGCATG",1,"new1"
"CGTCAGGTCCGCAAGC",7,"new2"
"CGTCAGGTCCTGCCAT",5,"new3"
"CGTCCATGTCTAACGT",3,"new4"
"CGTCCATTCGCGCCAA",1,"new1"
"CGTCTACAGATCTGCT",0,"new5"
"CGTCTACAGGGAGTAA",4,"new7"
"CGTGAGCTCAGCGATT",1,"new1"
"CGTGAGCTCTTCTGGC",4,"new7"
"CGTGTAAGTCTTGATG",5,"new3"
"CGTGTAATCATTATCC",5,"new3"
"CGTGTAATCCATGCTC",6,"new5"
"CGTGTCTCAGAAGCAC",4,"new7"
"CGTGTCTGTAGCGTCC",4,"new7"
"CGTTAGAAGTATCTCG",6,"new5"
"CGTTAGAGTGCAACGA",0,"new5"
"CGTTCTGAGGACGAAA",4,"new7"
"CGTTCTGTCACAATGC",1,"new1"
"CGTTCTGTCGATAGAA",3,"new4"
"CGTTGGGCAGGCGATA",2,"new6"
"CTAACTTAGAGGTACC",4,"new7"
"CTAACTTAGATCACGG",3,"new4"
"CTAACTTCATCTGGTA",4,"new7"
"CTAACTTCATTGGGCC",0,"new5"
"CTAAGACAGCACGCCT",1,"new1"
"CTAAGACAGCCACGCT",0,"new5"
"CTAAGACGTATCAGTC",4,"new7"
"CTAAGACTCTGCGGCA",4,"new7"
"CTAATGGCATGGTTGT",2,"new6"
"CTACACCCATCAGTCA",3,"new4"
"CTACACCGTCGAATCT",0,"new5"
"CTACACCGTCGCCATG",6,"new5"
"CTACATTCACCGTTGG",1,"new1"
"CTACATTGTTACTGAC",1,"new1"
"CTACCCAGTGCGCTTG",0,"new5"
"CTACGTCAGCTAGGCA",4,"new7"
"CTAGAGTCACTGTTAG",6,"new5"
"CTAGCCTGTCTCTTAT",0,"new5"
"CTAGCCTGTTCGGGCT",6,"new5"
"CTAGCCTTCAGCGATT",0,"new5"
"CTAGTGATCAAAGACA",3,"new4"
"CTAGTGATCCCAGGTG",3,"new4"
"CTCACACGTCACACGC",1,"new1"
"CTCAGAACACTAGTAC",5,"new3"
"CTCAGAACATAGGATA",2,"new6"
"CTCAGAAGTCCTCTTG",0,"new5"
"CTCAGAATCAGGTTCA",0,"new5"
"CTCATTACAAGCGCTC",6,"new5"
"CTCCTAGCACAACGTT",2,"new6"
"CTCGAAAGTAAGAGGA",5,"new3"
"CTCGAAAGTGGTGTAG",4,"new7"
"CTCGAAATCCTGCCAT",2,"new6"
"CTCGAGGCAAGTCTGT",4,"new7"
"CTCGAGGGTAAGTAGT",4,"new7"
"CTCGAGGTCTGTTGAG",5,"new3"
"CTCGGAGGTCATTAGC",1,"new1"
"CTCGGAGGTGAAGGCT",2,"new6"
"CTCGTACCAATGGATA",0,"new5"
"CTCGTACTCTTTAGTC",4,"new7"
"CTCGTCAAGAACAATC",4,"new7"
"CTCGTCACAACTGCTA",0,"new5"
"CTCGTCATCGGTCTAA",0,"new5"
"CTCTAATAGTTATCGC",4,"new7"
"CTCTGGTAGCAATCTC",1,"new1"
"CTCTGGTAGTCCCACG",6,"new5"
"CTCTGGTCAACACCTA",0,"new5"
"CTCTGGTCAAGACACG",3,"new4"
"CTCTGGTCAAGTTGTC",2,"new6"
"CTCTGGTCAGTTCATG",0,"new5"
"CTGAAACAGACTAGGC",0,"new5"
"CTGAAACGTAGCGCAA",2,"new6"
"CTGAAACGTATGGTTC",7,"new2"
"CTGAAACTCGATAGAA",5,"new3"
"CTGAAACTCGCCGTGA",0,"new5"
"CTGAAACTCTGTTTGT",5,"new3"
"CTGAAGTGTTTGGGCC",4,"new7"
"CTGAAGTTCTGCGGCA",2,"new6"
"CTGATCCTCAGTTGAC",0,"new5"
"CTGCCTAGTCTCCATC",0,"new5"
"CTGCGGACAGACTCGC",1,"new1"
"CTGCGGACATTAGCCA",1,"new1"
"CTGCGGATCAGCATGT",6,"new5"
"CTGCTGTAGACTGGGT",2,"new6"
"CTGCTGTCAAAGCAAT",4,"new7"
"CTGGTCTAGGATTCGG",2,"new6"
"CTGGTCTAGGTGATTA",4,"new7"
"CTGGTCTCAGGAATGC",0,"new5"
"CTGGTCTTCGCATGGC",1,"new1"
"CTGTGCTCATTACCTT",5,"new3"
"CTTAACTCAAGCGTAG",0,"new5"
"CTTAACTTCAGCTTAG",1,"new1"
"CTTAGGACACAGGTTT",0,"new5"
"CTTAGGAGTCCGAATT",0,"new5"
"CTTAGGATCAACGGGA",7,"new2"
"CTTAGGATCACTCTTA",1,"new1"
"CTTCTCTAGGCAGGTT",6,"new5"
"CTTCTCTAGTCCGTAT",4,"new7"
"CTTCTCTCAGCATACT",2,"new6"
"CTTCTCTGTCAGAGGT",4,"new7"
"CTTGGCTAGACAGACC",6,"new5"
"CTTGGCTAGGACACCA",0,"new5"
"CTTGGCTCAAAGGAAG",2,"new6"
"CTTGGCTCAGCCACCA",1,"new1"
"CTTGGCTCATCCCACT",3,"new4"
"CTTGGCTGTTAGAACA",3,"new4"
"CTTTGCGAGACCACGA",2,"new6"
"CTTTGCGAGGAATGGA",5,"new3"
"CTTTGCGTCCACGTGG",3,"new4"
"GAAACTCAGAAACCTA",3,"new4"
"GAAATGAAGCTCCTCT",1,"new1"
"GAAATGACAACTGGCC",0,"new5"
"GAAATGACACATGACT",0,"new5"
"GAAATGAGTCACCCAG",5,"new3"
"GAAATGAGTCGGATCC",0,"new5"
"GAACATCGTAATCGTC",0,"new5"
"GAACCTAAGTAGATGT",4,"new7"
"GAACCTATCACTTATC",2,"new6"
"GAACGGAAGTCAAGCG",4,"new7"
"GAACGGACAAGGACAC",2,"new6"
"GAAGCAGGTCGCGAAA",1,"new1"
"GAAGCAGGTCTAGAGG",4,"new7"
"GAAGCAGTCAAGGCTT",0,"new5"
"GAATGAAAGAATGTGT",1,"new1"
"GAATGAACAATCGAAA",0,"new5"
"GAATGAACAGCCTTGG",6,"new5"
"GAATGAATCATCGGAT",2,"new6"
"GACACGCCAAAGGAAG",0,"new5"
"GACCAATAGAATGTGT",3,"new4"
"GACCAATCAGACGCCT",4,"new7"
"GACCAATGTTATCCGA",4,"new7"
"GACCAATGTTGGACCC",3,"new4"
"GACCAATTCAACGGCC",5,"new3"
"GACCTGGGTTCGTGAT",4,"new7"
"GACGCGTCAGTCGTGC",0,"new5"
"GACGCGTGTCGGCTCA",2,"new6"
"GACGGCTAGGTGATAT",0,"new5"
"GACGGCTTCAACTCTT",1,"new1"
"GACGTGCGTCACCTAA",4,"new7"
"GACGTGCTCCGGCACA",4,"new7"
"GACGTTAAGACGCAAC",0,"new5"
"GACGTTAAGACGCTTT",5,"new3"
"GACGTTACATCTCGCT",3,"new4"
"GACGTTAGTGTGAATA",1,"new1"
"GACTAACGTCATCCCT",1,"new1"
"GACTAACTCAGTCCCT",6,"new5"
"GACTACAGTTCGTGAT",0,"new5"
"GACTGCGAGAATCTCC",1,"new1"
"GAGCAGAAGCGTGTCC",0,"new5"
"GAGCAGAGTTTGCATG",4,"new7"
"GAGCAGATCAACTCTT",2,"new6"
"GAGGTGAGTCCGCTGA",2,"new6"
"GAGGTGAGTGACAAAT",0,"new5"
"GAGTCCGAGCGATGAC",5,"new3"
"GAGTCCGAGTTAAGTG",0,"new5"
"GAGTCCGCAATTGCTG",0,"new5"
"GATCAGTAGGTGATAT",4,"new7"
"GATCGATAGAAAGTGG",1,"new1"
"GATCGATAGGATGGTC",4,"new7"
"GATCGATGTAGCGATG",2,"new6"
"GATCGATGTTGTTTGG",4,"new7"
"GATCGCGCACCAGGCT",2,"new6"
"GATCGTAAGTAGGTGC",1,"new1"
"GATCGTAGTCCTAGCG",6,"new5"
"GATCTAGAGCTAGCCC",2,"new6"
"GATCTAGGTGCCTTGG",0,"new5"
"GATGAAAAGTTGTAGA",6,"new5"
"GATGAAACAGGCTGAA",4,"new7"
"GATGAAACATGGTTGT",0,"new5"
"GATGAGGAGTGGACGT",5,"new3"
"GATGAGGTCTGGGCCA",0,"new5"
"GATGCTAGTAGAAGGA",6,"new5"
"GATGCTAGTGTTAAGA",2,"new6"
"GATTCAGAGCGATGAC",2,"new6"
"GATTCAGAGTACGTTC",4,"new7"
"GATTCAGTCGCCAGCA",4,"new7"
"GATTCAGTCGTCCAGG",7,"new2"
"GCAAACTCAGACAAAT",2,"new6"
"GCAATCACAGCTGCTG",4,"new7"
"GCAATCATCCAACCAA",0,"new5"
"GCACTCTCAGCGTCCA",4,"new7"
"GCAGCCACAGCGTTCG",5,"new3"
"GCAGTTACATTTCACT",1,"new1"
"GCAGTTATCTTGAGAC",0,"new5"
"GCATGATAGCCTTGAT",5,"new3"
"GCATGATCAAGCGAGT",3,"new4"
"GCATGATGTCACTGGC",4,"new7"
"GCATGATGTTTAGGAA",2,"new6"
"GCATGATTCAAACGGG",0,"new5"
"GCATGCGAGGAACTGC",1,"new1"
"GCATGCGCAGCTCCGA",2,"new6"
"GCATGTAAGAATCTCC",3,"new4"
"GCATGTAAGCGTGTCC",4,"new7"
"GCATGTAGTTGCGCAC",4,"new7"
"GCATGTATCGTGGACC",4,"new7"
"GCCTCTAAGCTAGTCT",7,"new2"
"GCCTCTAAGTCCGGTC",5,"new3"
"GCCTCTATCGCTTAGA",5,"new3"
"GCGACCATCACCAGGC",4,"new7"
"GCGAGAAGTGGGTATG",4,"new7"
"GCGCAACGTTTCGCTC",2,"new6"
"GCGCAACTCACAACGT",0,"new5"
"GCGCAGTGTGCTAGCC",2,"new6"
"GCGCCAAAGCTCCTTC",4,"new7"
"GCGCCAATCTTATCTG",1,"new1"
"GCGCGATGTCCGAATT",3,"new4"
"GCGGGTTAGACTTGAA",5,"new3"
"GCGGGTTCAAGTAATG",4,"new7"
"GCGGGTTGTTACTGAC",0,"new5"
"GCTCCTAAGGGCATGT",3,"new4"
"GCTCTGTGTCCATGAT",2,"new6"
"GCTGCAGGTTACCGAT",0,"new5"
"GCTGCGAAGAACAACT",4,"new7"
"GCTGCGAAGCTAGCCC",5,"new3"
"GCTGCGAAGTATTGGA",1,"new1"
"GCTGCGATCCCGGATG",1,"new1"
"GCTGCGATCGGCTACG",3,"new4"
"GCTGCTTGTCTTCAAG",6,"new5"
"GCTGGGTGTCATACTG",2,"new6"
"GCTGGGTGTCTAGAGG",5,"new3"
"GCTTCCAAGACATAAC",4,"new7"
"GCTTCCAAGTTAAGTG",4,"new7"
"GCTTGAAGTCAACTGT",2,"new6"
"GGAAAGCCAATGTAAG",2,"new6"
"GGAAAGCGTCTTGATG",6,"new5"
"GGAATAAGTAAGAGAG",2,"new6"
"GGAATAAGTTCGGGCT",0,"new5"
"GGACAAGGTGATAAGT",0,"new5"
"GGACAAGTCAAAGACA",1,"new1"
"GGACAGAAGGCCGAAT",3,"new4"
"GGACAGACAATCCAAC",2,"new6"
"GGACAGATCAGGCGAA",3,"new4"
"GGACAGATCCTGCAGG",6,"new5"
"GGACAGATCCTTTCGG",1,"new1"
"GGACATTGTCTCCCTA",4,"new7"
"GGACGTCAGGGTGTTG",2,"new6"
"GGACGTCCACGCATCG",0,"new5"
"GGACGTCCATGGATGG",1,"new1"
"GGACGTCGTCAGAAGC",1,"new1"
"GGACGTCGTCGAGATG",4,"new7"
"GGACGTCGTCTAGGTT",3,"new4"
"GGACGTCGTTTAGCTG",6,"new5"
"GGAGCAAAGCTTCGCG",0,"new5"
"GGAGCAAGTATCACCA",2,"new6"
"GGATGTTAGTAAGTAC",4,"new7"
"GGATGTTTCCAGTATG",1,"new1"
"GGCAATTCACGGCTAC",4,"new7"
"GGCAATTCATCTCCCA",1,"new1"
"GGCAATTGTAGAGCTG",3,"new4"
"GGCCGATTCACTCTTA",0,"new5"
"GGCGACTGTAAGTTCC",2,"new6"
"GGCGTGTCACCAGGTC",1,"new1"
"GGCGTGTCACCGATAT",1,"new1"
"GGCGTGTTCAGCTTAG",4,"new7"
"GGCGTGTTCGAGAGCA",2,"new6"
"GGCTCGAAGATCACGG",1,"new1"
"GGCTCGAAGTGACTCT",7,"new2"
"GGCTCGACAGCTTCGG",3,"new4"
"GGCTGGTAGTCACGCC",1,"new1"
"GGCTGGTTCATGCATG",1,"new1"
"GGGAATGAGCACACAG",4,"new7"
"GGGAATGAGTGTACGG",0,"new5"
"GGGAATGCAAAGTGCG",2,"new6"
"GGGAATGTCACAAACC",1,"new1"
"GGGACCTCACTGTCGG",4,"new7"
"GGGACCTTCGAATGCT",0,"new5"
"GGGAGATAGATGTGGC",2,"new6"
"GGGAGATAGCGAAGGG",2,"new6"
"GGGAGATAGTGACATA",2,"new6"
"GGGATGAAGGGCATGT",4,"new7"
"GGGATGAGTCTGCGGT",2,"new6"
"GGGATGAGTTGTGGAG",5,"new3"
"GGGCACTCATTTCAGG",0,"new5"
"GGGCACTGTCTCCATC",1,"new1"
"GGGCACTGTGGCAAAC",0,"new5"
"GGGCATCCATGACATC",0,"new5"
"GGGCATCCATTTCAGG",4,"new7"
"GGGCATCGTGGTCTCG",5,"new3"
"GGGTCTGCACAGGCCT",5,"new3"
"GGGTCTGCATGAAGTA",5,"new3"
"GGGTCTGTCATGTGGT",1,"new1"
"GGGTCTGTCCATGAAC",2,"new6"
"GGGTTGCCAAGCTGAG",0,"new5"
"GGGTTGCTCGAACGGA",0,"new5"
"GGTATTGGTACTCGCG",5,"new3"
"GGTATTGGTCCCGACA",0,"new5"
"GGTGTTAAGGATCGCA",0,"new5"
"GGTGTTAGTTCCTCCA",0,"new5"
"GTAACGTGTCACTGGC",0,"new5"
"GTAACTGGTCACTGGC",1,"new1"
"GTAACTGTCAGTGCAT",6,"new5"
"GTACGTAGTCTCTTTA",2,"new6"
"GTACTCCCACAGGTTT",1,"new1"
"GTACTCCCACGTCTCT",0,"new5"
"GTACTCCTCCAACCAA",5,"new3"
"GTACTTTGTACCGTAT",7,"new2"
"GTACTTTTCTTCGGTC",2,"new6"
"GTAGGCCAGCTAACAA",2,"new6"
"GTAGGCCGTTACCAGT",3,"new4"
"GTAGTCACATCGATGT",1,"new1"
"GTAGTCAGTCCGACGT",1,"new1"
"GTATCTTCAGTGGGAT",0,"new5"
"GTATCTTCATCGATGT",5,"new3"
"GTATCTTGTACTCAAC",4,"new7"
"GTATCTTGTCGCGGTT",5,"new3"
"GTATCTTGTGGCCCTA",5,"new3"
"GTATCTTTCGTGGACC",2,"new6"
"GTATTCTCACATTAGC",0,"new5"
"GTATTCTCACTTGGAT",6,"new5"
"GTATTCTGTCCGTCAG",6,"new5"
"GTATTCTTCTCTAAGG",7,"new2"
"GTCAAGTGTGGTCCGT",6,"new5"
"GTCACAACACGTCTCT",1,"new1"
"GTCACGGAGCTATGCT",4,"new7"
"GTCACGGCATCCGTGG",2,"new6"
"GTCACGGTCTTGCCGT",2,"new6"
"GTCATTTGTCGTCTTC",2,"new6"
"GTCCTCACACCACGTG",2,"new6"
"GTCCTCATCATTTGGG",5,"new3"
"GTCCTCATCTGGAGCC",5,"new3"
"GTCGGGTCAGGCTGAA",3,"new4"
"GTCGTAAAGTTTAGGA",4,"new7"
"GTCTCGTAGGCTAGAC",5,"new3"
"GTCTCGTCATAGTAAG",5,"new3"
"GTCTCGTTCACTTCAT",1,"new1"
"GTCTCGTTCTGCGTAA",3,"new4"
"GTCTTCGTCCGTTGCT",4,"new7"
"GTCTTCGTCTACCAGA",1,"new1"
"GTGCATAAGAACAATC",2,"new6"
"GTGCATAAGCTCCTCT",0,"new5"
"GTGCATAGTTCAACCA",4,"new7"
"GTGCATATCAAGGCTT",4,"new7"
"GTGCGGTAGTAGGCCA",0,"new5"
"GTGCGGTCAGCGTAAG",5,"new3"
"GTGCTTCAGAGGGATA",4,"new7"
"GTGCTTCTCACGACTA",3,"new4"
"GTGGGTCCATAAAGGT",7,"new2"
"GTGGGTCCATCGATTG",3,"new4"
"GTGGGTCGTCCAGTAT",4,"new7"
"GTGGGTCTCCGAATGT",2,"new6"
"GTGTGCGGTGTAAGTA",4,"new7"
"GTGTTAGCACCATCCT",0,"new5"
"GTGTTAGGTGAACCTT",2,"new6"
"GTTAAGCAGGATTCGG",1,"new1"
"GTTACAGTCCGATATG",1,"new1"
"GTTCATTAGAAGATTC",0,"new5"
"GTTCATTAGGCAGTCA",1,"new1"
"GTTCATTTCCGAACGC",7,"new2"
"GTTCTCGAGAATTCCC",4,"new7"
"GTTCTCGCAAGAAAGG",4,"new7"
"GTTCTCGCAGACACTT",0,"new5"
"GTTTCTAAGAAGATTC",7,"new2"
"GTTTCTACAGGACCCT",4,"new7"
"TAAGAGATCTGCGACG",2,"new6"
"TAAGTGCAGGGTTTCT",0,"new5"
"TAAGTGCTCCAAATGC",2,"new6"
"TACACGACAACGATCT",0,"new5"
"TACACGACATGTAGTC",4,"new7"
"TACACGAGTGCAACTT",1,"new1"
"TACAGTGCAATCTACG",0,"new5"
"TACAGTGCACAGGCCT",4,"new7"
"TACAGTGGTAAACGCG",1,"new1"
"TACCTTAAGTACATGA",0,"new5"
"TACCTTATCCGATATG",2,"new6"
"TACGGATAGAGCTGGT",0,"new5"
"TACGGATAGGCACATG",3,"new4"
"TACGGATAGTTTAGGA",0,"new5"
"TACGGATGTGTTCGAT",0,"new5"
"TACGGATTCCAAGTAC",1,"new1"
"TACGGGCAGCCAACAG",2,"new6"
"TACGGGCAGCGTCAAG",0,"new5"
"TACGGGCTCTTCGGTC",3,"new4"
"TACGGTACATGTTCCC",0,"new5"
"TACTCATAGGTGTTAA",1,"new1"
"TACTCATCAGATCCAT",3,"new4"
"TACTCGCAGTAAGTAC",4,"new7"
"TACTCGCCAGATCGGA",3,"new4"
"TACTCGCGTCGGCATC",2,"new6"
"TACTTACCAACTGCGC",0,"new5"
"TACTTACCATGGGACA",1,"new1"
"TACTTGTAGACAAAGG",3,"new4"
"TAGACCAAGGAATCGC",0,"new5"
"TAGAGCTGTATGAAAC",6,"new5"
"TAGAGCTGTTGTCGCG",6,"new5"
"TAGCCGGTCAACACAC",0,"new5"
"TAGGCATTCCAAAGTC",6,"new5"
"TAGTGGTCAACTGCGC",6,"new5"
"TAGTGGTCATTCACTT",2,"new6"
"TAGTGGTTCCTCAACC",1,"new1"
"TAGTTGGCACGTAAGG",1,"new1"
"TAGTTGGCAGTAACGG",2,"new6"
"TAGTTGGGTACCGTAT",0,"new5"
"TAGTTGGTCTTGCAAG",3,"new4"
"TATCAGGCACCAGATT",0,"new5"
"TATCTCACAACTGCTA",5,"new3"
"TATCTCACACGCGAAA",4,"new7"
"TATCTCACATTGTGCA",3,"new4"
"TATCTCAGTTCGCTAA",6,"new5"
"TATGCCCAGAACAATC",4,"new7"
"TATGCCCGTCTAGCCG",5,"new3"
"TATGCCCTCTTACCTA",6,"new5"
"TATTACCTCGTTGCCT",4,"new7"
"TCAACGATCAACCATG",1,"new1"
"TCAATCTCATCCGCGA",1,"new1"
"TCAATCTCATCTCCCA",5,"new3"
"TCAATCTGTCAAAGAT",6,"new5"
"TCAATCTTCGAACGGA",4,"new7"
"TCACAAGAGTGACATA",3,"new4"
"TCACAAGCAACGATGG",4,"new7"
"TCACAAGCAGACTCGC",3,"new4"
"TCACGAAGTCCGAGTC",1,"new1"
"TCACGAATCCTATGTT",5,"new3"
"TCAGATGCACTCGACG",1,"new1"
"TCAGATGGTACACCGC",3,"new4"
"TCAGCAACACCAGGCT",0,"new5"
"TCAGCAATCGCCGTGA",2,"new6"
"TCAGCTCAGTCGTACT",5,"new3"
"TCAGGTAAGGCGTACA",1,"new1"
"TCAGGTAAGTCAATAG",0,"new5"
"TCAGGTACAGTCACTA",4,"new7"
"TCAGGTATCTGTCCGT",3,"new4"
"TCATTACGTCAGAAGC",0,"new5"
"TCATTTGCATTGGCGC",1,"new1"
"TCCACACCAGGCGATA",4,"new7"
"TCCCGATAGTCGTTTG",1,"new1"
"TCCCGATCAACGATGG",1,"new1"
"TCGAGGCAGAACAATC",4,"new7"
"TCGAGGCAGGCATGGT",2,"new6"
"TCGCGAGAGTACGCGA",1,"new1"
"TCGCGAGAGTCCGTAT",3,"new4"
"TCGCGAGCACTTCTGC",2,"new6"
"TCGGGACAGAGAACAG",5,"new3"
"TCGGGACGTCTGCGGT",4,"new7"
"TCGTACCCACGCATCG",6,"new5"
"TCGTACCCATATACGC",0,"new5"
"TCTATTGCACAGGAGT",0,"new5"
"TCTATTGTCCTATTCA",4,"new7"
"TCTATTGTCGTATCAG",1,"new1"
"TCTCATAAGAATGTGT",1,"new1"
"TCTCATACAAATTGCC",2,"new6"
"TCTCATAGTGGACGAT",1,"new1"
"TCTCTAAAGCTGGAAC",3,"new4"
"TCTCTAAGTCGCATCG",0,"new5"
"TCTCTAAGTGGCAAAC",1,"new1"
"TCTCTAAGTTACCGAT",0,"new5"
"TCTCTAATCCCAACGG",1,"new1"
"TCTGAGAGTCAAACTC",6,"new5"
"TCTGGAACACACGCTG",0,"new5"
"TCTGGAACACCTATCC",3,"new4"
"TCTGGAAGTCATCGGC",2,"new6"
"TCTGGAATCGGTGTCG",5,"new3"
"TCTTTCCGTGCAACTT",3,"new4"
"TCTTTCCTCGTCTGCT",0,"new5"
"TGAAAGAGTTATCACG",5,"new3"
"TGACGGCAGGAATGGA",0,"new5"
"TGACGGCCATATGAGA",2,"new6"
"TGACTAGGTGTATGGG",5,"new3"
"TGACTAGTCCACGTGG",6,"new5"
"TGACTAGTCCTATTCA",5,"new3"
"TGACTTTAGCCAGAAC",3,"new4"
"TGACTTTAGCGTTGCC",6,"new5"
"TGACTTTAGCGTTTAC",0,"new5"
"TGAGAGGAGATCCCAT",3,"new4"
"TGAGAGGAGCCAGGAT",4,"new7"
"TGAGAGGAGCCGTCGT",1,"new1"
"TGAGAGGAGGCGATAC",4,"new7"
"TGAGAGGAGGTAAACT",4,"new7"
"TGAGAGGCAGGAACGT",4,"new7"
"TGAGAGGGTAAGGGCT",6,"new5"
"TGAGCATGTTAAAGAC",5,"new3"
"TGAGCATTCACCCGAG",0,"new5"
"TGAGCATTCGGGAGTA",6,"new5"
"TGAGCCGTCATGTCCC",0,"new5"
"TGAGCCGTCCGAACGC",0,"new5"
"TGAGCCGTCCGCTGTT",1,"new1"
"TGAGGGAAGAGGTACC",1,"new1"
"TGAGGGACAGACTCGC",0,"new5"
"TGATTTCAGTACGCCC",5,"new3"
"TGATTTCAGTGACTCT",0,"new5"
"TGATTTCGTGAGGGTT",7,"new2"
"TGCCAAACATGACATC",5,"new3"
"TGCCCATCACTGTGTA",0,"new5"
"TGCCCTAAGTCCGGTC",1,"new1"
"TGCGCAGGTACGCACC",6,"new5"
"TGCGCAGTCTGCCAGG",6,"new5"
"TGCGGGTAGACGCACA",1,"new1"
"TGCGGGTAGGGTTCCC",4,"new7"
"TGCGGGTTCCACTCCA",4,"new7"
"TGCGGGTTCTCAAACG",0,"new5"
"TGCGTGGAGGTAAACT",0,"new5"
"TGCGTGGAGGTTCCTA",2,"new6"
"TGCGTGGAGTACACCT",2,"new6"
"TGCGTGGGTCCCTTGT",2,"new6"
"TGCGTGGGTTACTGAC",4,"new7"
"TGCTACCCAGGGCATA",0,"new5"
"TGCTACCCATAAGACA",1,"new1"
"TGCTGCTAGGATGCGT",5,"new3"
"TGCTGCTGTCCGTCAG",6,"new5"
"TGGACGCAGTGTTGAA",0,"new5"
"TGGACGCTCAGGTAAA",6,"new5"
"TGGACGCTCTTGTTTG",1,"new1"
"TGGCCAGAGCTACCTA",6,"new5"
"TGGCCAGCAAGGACTG",3,"new4"
"TGGCCAGCAATGAAAC",2,"new6"
"TGGCCAGCACGAAAGC",0,"new5"
"TGGCCAGGTCGGCATC",0,"new5"
"TGGCGCATCACAACGT",6,"new5"
"TGGCTGGGTACCCAAT",2,"new6"
"TGGGAAGCACGTAAGG",2,"new6"
"TGGGAAGCATGACATC",0,"new5"
"TGGGCGTGTGTGCGTC",4,"new7"
"TGGTTAGCAGTCGTGC",2,"new6"
"TGGTTCCCACCGCTAG",0,"new5"
"TGGTTCCGTCACCTAA",6,"new5"
"TGTATTCCAATGACCT",6,"new5"
"TGTCCCAAGTTTAGGA",0,"new5"
"TGTCCCACATTATCTC",4,"new7"
"TGTCCCAGTCCGTGAC",3,"new4"
"TGTCCCATCTCTGCTG",4,"new7"
"TGTGGTACAAGACGTG",6,"new5"
"TGTGGTACACATCCGG",3,"new4"
"TGTGGTAGTGCCTGCA",4,"new7"
"TGTGGTATCCAGTAGT",5,"new3"
"TGTGTTTAGGAATGGA",2,"new6"
"TGTGTTTGTAGATTAG",2,"new6"
"TGTGTTTGTATGAATG",1,"new1"
"TTAACTCCAAAGAATC",6,"new5"
"TTAACTCCAGGATTGG",4,"new7"
"TTAACTCGTAATCGTC",2,"new6"
"TTAGGCAGTTTGTTGG",1,"new1"
"TTATGCTCACCCAGTG",3,"new4"
"TTCCCAGAGTTACCCA",5,"new3"
"TTCCCAGGTATTCTCT",0,"new5"
"TTCCCAGTCATAGCAC",1,"new1"
"TTCGAAGAGTACGCCC",5,"new3"
"TTCGGTCAGCTAGCCC",1,"new1"
"TTCGGTCAGGGCATGT",7,"new2"
"TTCGGTCGTATAGTAG",4,"new7"
"TTCGGTCTCGACCAGC",2,"new6"
"TTCTACAAGATCGATA",5,"new3"
"TTCTACACATAAAGGT",2,"new6"
"TTCTACAGTACTCTCC",0,"new5"
"TTCTACATCGCTTAGA",3,"new4"
"TTCTACATCTGCAGTA",6,"new5"
"TTCTCAAAGCCGCCTA",0,"new5"
"TTCTCAACAATAGAGT",1,"new1"
"TTCTCCTAGTCCATAC",2,"new6"
"TTCTCCTCAATGGTCT",0,"new5"
"TTCTTAGTCAGTGTTG",4,"new7"
"TTGAACGAGAGCAATT",2,"new6"
"TTGAACGAGGAGTTTA",5,"new3"
"TTGAACGGTGAGGGAG",2,"new6"
"TTGAACGGTGATGCCC",0,"new5"
"TTGACTTAGACAAGCC",6,"new5"
"TTGACTTGTTCCATGA",1,"new1"
"TTGACTTTCACCGGGT",2,"new6"
"TTGACTTTCAGCAACT",0,"new5"
"TTGACTTTCCAGTAGT",0,"new5"
"TTGCCGTCACCGAATT",4,"new7"
"TTGCCGTTCTCTGTCG",0,"new5"
"TTGCGTCCACCGATAT",1,"new1"
"TTGGAACAGAAGATTC",4,"new7"
"TTGGAACGTATATGAG",3,"new4"
"TTGGCAAAGAGTAAGG",4,"new7"
"TTGTAGGTCAAAGTAG",1,"new1"
"TTTACTGCAGCATACT",5,"new3"
"TTTACTGGTGCTAGCC",0,"new5"
"TTTATGCAGGTTACCT",4,"new7"
"TTTATGCGTCGAACAG",6,"new5"
"TTTATGCTCCATTCTA",6,"new5"
"TTTCCTCCAGGATCGA",7,"new2"
"TTTCCTCGTGGCGAAT",1,"new1"
"TTTGCGCAGACAGACC",0,"new5"
"TTTGGTTAGACAGGCT",4,"new7"
"TTTGGTTCACCAGATT",0,"new5"
"TTTGGTTCACGAAGCA",1,"new1"
"TTTGGTTTCCTTTCGG",2,"new6"
"TTTGTCAAGAATGTGT",2,"new6"
"TTTGTCATCGAATGCT",4,"new7"
"TTTGTCATCTGTTTGT",4,"new7"
